{
  "mse": 768225664.0,
  "rmse": 27716.884765625,
  "mae": 18201.21484375,
  "r2": 0.9000033834642812
}