{
  "mse": 968173376.0,
  "rmse": 31115.484375,
  "mae": 21264.72265625,
  "r2": 0.8739770490696736
}